{"syllable": "am", "sampleRate": 16000, "mfcc": [[-502.53436279296875, 91.80503845214844, 0.5062494874000549, -5.375856399536133, -18.24715232849121, -3.528261184692383, 12.103116989135742, 8.782699584960938, 4.495746612548828, 15.573845863342285, 20.82754135131836, 7.600795745849609, -10.104337692260742], [-421.5471496582031, 102.74104309082031, -7.362250328063965, -3.1784138679504395, -26.706167221069336, 16.18256378173828, 3.0954246520996094, 6.674569606781006, 5.504964828491211, 6.030352592468262, 18.375810623168945, -3.14430832862854, -6.456921577453613], [-357.6663818359375, 127.04045104980469, -10.130586624145508, -10.958829879760742, -30.609209060668945, 10.287949562072754, 10.239837646484375, -6.1169891357421875, 4.960113525390625, 2.695481538772583, 19.60816192626953, -22.83757972717285, -7.164687633514404], [-290.3992919921875, 150.56890869140625, -29.438621520996094, -24.876129150390625, -16.305889129638672, 13.089351654052734, 9.990335464477539, -5.91334342956543, 14.319056510925293, 10.103691101074219, 13.337457656860352, -32.355064392089844, 0.5774405002593994], [-200.47311401367188, 179.33740234375, -28.727977752685547, -16.243913650512695, -48.75383377075195, 5.18648624420166, 13.729572296142578, -17.192657470703125, -3.776085615158081, 7.855227947235107, 19.75613784790039, -30.645893096923828, -8.507176399230957], [-177.1437530517578, 142.22879028320312, -10.714187622070312, -9.337872505187988, -39.739952087402344, -1.5816689729690552, 5.764150619506836, 11.736518859863281, -7.2113237380981445, 2.2374191284179688, 13.931205749511719, -16.216571807861328, -8.788717269897461], [-125.63565826416016, 131.14013671875, -19.476764678955078, -5.6045637130737305, -41.8386344909668, -0.0777638852596283, 13.822890281677246, 9.727727890014648, -13.997663497924805, 7.059062957763672, 8.71316909790039, -18.438884735107422, -23.686899185180664], [-112.67701721191406, 124.36061096191406, -15.318124771118164, 3.4184646606445312, -48.78532028198242, -7.237518787384033, 22.13435935974121, 12.234973907470703, -10.823556900024414, 9.647628784179688, 14.003971099853516, -21.525955200195312, -15.643499374389648], [-94.25497436523438, 123.61395263671875, -23.050796508789062, -4.5634613037109375, -47.800201416015625, -5.694578170776367, 20.294599533081055, 17.268917083740234, -12.220955848693848, 3.0038812160491943, 12.81237506866455, -29.884048461914062, -8.459847450256348], [-86.14286041259766, 118.2960433959961, -27.814647674560547, -0.07294747233390808, -41.20769119262695, -3.898991107940674, 11.388178825378418, 11.313520431518555, -9.817950248718262, 8.299051284790039, 17.020523071289062, -24.91634750366211, -12.727087020874023], [-87.24959564208984, 112.53176879882812, -27.296518325805664, -3.8248143196105957, -41.93919372558594, -7.948127269744873, 9.762039184570312, 17.802520751953125, -7.9379119873046875, 7.7882513999938965, 16.65695571899414, -21.326845169067383, -15.732072830200195], [-89.98356628417969, 115.59756469726562, -32.73858642578125, -7.617317199707031, -41.34931182861328, -9.071468353271484, 14.373359680175781, 17.139854431152344, -12.90289306640625, 3.5167617797851562, 22.956985473632812, -9.04798698425293, -12.92683219909668], [-116.91852569580078, 130.83872985839844, -18.819021224975586, -0.7531439065933228, -34.22891616821289, -8.090007781982422, 8.591333389282227, 14.657301902770996, -18.938018798828125, -5.59645938873291, 25.387418746948242, 2.5170254707336426, -5.0597028732299805], [-180.62765502929688, 162.6681671142578, -6.303469181060791, -9.519203186035156, -41.235252380371094, -7.4830322265625, -4.544667720794678, -2.897731304168701, -9.270881652832031, -16.999446868896484, 22.23373031616211, 8.622928619384766, 7.140254974365234], [-281.5285339355469, 151.6588134765625, 17.950809478759766, 17.997066497802734, -18.086318969726562, 6.240960121154785, 15.110918045043945, -4.9042253494262695, -24.253211975097656, -39.59403991699219, 27.810962677001953, -11.111761093139648, -22.170148849487305], [-282.1014404296875, 146.390380859375, 24.484619140625, 8.86591911315918, -33.82819366455078, 9.202127456665039, 23.159854888916016, -8.390851020812988, -14.776586532592773, -37.541748046875, 17.09327507019043, -20.31648063659668, -24.1202335357666], [-292.0985412597656, 133.95419311523438, 17.48772430419922, 10.490724563598633, -26.96059799194336, 29.57662582397461, 25.6566162109375, -10.891565322875977, -21.919158935546875, -44.87980651855469, -3.2758493423461914, -27.22051239013672, -22.207429885864258], [-296.8824157714844, 137.8916015625, 24.66452980041504, 12.299745559692383, -32.21597671508789, 36.239845275878906, 24.295330047607422, -16.63704490661621, -19.51245880126953, -47.65614700317383, 9.321279525756836, -24.388229370117188, -10.826896667480469], [-315.45928955078125, 131.1232452392578, 25.69681167602539, 18.935413360595703, -22.63367462158203, 50.513214111328125, 37.262054443359375, -20.05638313293457, -26.13123321533203, -47.78480529785156, 8.953968048095703, -26.401756286621094, -5.8163228034973145], [-314.08074951171875, 140.07969665527344, 34.367515563964844, 13.431083679199219, -26.290821075439453, 37.585548400878906, 40.918941497802734, -18.679929733276367, -17.581148147583008, -38.357994079589844, 8.695871353149414, -16.461444854736328, -12.882095336914062], [-318.1744689941406, 130.98406982421875, 29.601877212524414, 24.577491760253906, -15.904373168945312, 24.710834503173828, 37.43248748779297, -16.023853302001953, -23.075759887695312, -39.24264144897461, 2.376835823059082, -19.06142807006836, -14.502442359924316], [-317.72564697265625, 126.92124938964844, 24.552629470825195, 24.640560150146484, -10.764509201049805, 7.917514801025391, 27.647518157958984, -11.851458549499512, -28.625078201293945, -34.735992431640625, 4.395788669586182, -29.53951644897461, -12.346844673156738], [-329.9511413574219, 123.24119567871094, 27.324478149414062, 26.57803726196289, -8.879898071289062, 10.714598655700684, 20.3267879486084, -15.03586196899414, -24.79083251953125, -39.34205627441406, 8.07196044921875, -24.213245391845703, -27.232023239135742], [-361.9034118652344, 119.95976257324219, 30.202919006347656, 43.935813903808594, -5.723958969116211, 12.581350326538086, 9.843703269958496, -8.065038681030273, -17.482784271240234, -36.88526153564453, -0.488269567489624, -18.583423614501953, -25.67665672302246], [-361.7462158203125, 131.36947631835938, 33.28013610839844, 34.12664794921875, -11.087127685546875, 17.284692764282227, 15.226991653442383, -0.5982489585876465, -10.619621276855469, -36.96502685546875, -14.164365768432617, -32.54154968261719, -21.185781478881836], [-387.52276611328125, 121.54487609863281, 33.77067947387695, 35.67675018310547, 2.5324525833129883, 25.742935180664062, 24.80133056640625, -4.0164055824279785, -20.17182159423828, -40.893333435058594, -17.16972541809082, -36.22431945800781, -25.628942489624023], [-395.86322021484375, 115.05609130859375, 38.692108154296875, 38.747196197509766, 3.7724640369415283, 22.63931655883789, 21.23426055908203, 9.579907417297363, -33.605403900146484, -46.66474914550781, -2.8719613552093506, -30.09787368774414, -14.408761978149414], [-411.41778564453125, 117.51644134521484, 38.53009796142578, 39.442047119140625, 13.343924522399902, 28.158828735351562, 21.273740768432617, -2.122825860977173, -29.22566795349121, -37.13559341430664, -4.256173610687256, -39.61907958984375, -11.257477760314941], [-439.40582275390625, 132.42477416992188, 54.72495651245117, 25.852569580078125, -3.042781352996826, 11.76873779296875, 12.039739608764648, -4.664731979370117, -16.24356460571289, -24.516475677490234, -6.312350273132324, -19.179407119750977, -17.439571380615234], [-463.3859558105469, 120.42947387695312, 45.73091125488281, 27.701663970947266, 13.140878677368164, 19.000612258911133, 6.334333419799805, -3.8053574562072754, -11.393606185913086, -28.946788787841797, -9.383541107177734, -20.703418731689453, -12.044784545898438], [-479.61724853515625, 107.15097045898438, 47.318748474121094, 