{"syllable": "im", "sampleRate": 16000, "mfcc": [[-457.3326416015625, 72.99879455566406, 26.469390869140625, 43.293487548828125, 9.593785285949707, -13.838016510009766, -1.281875729560852, 8.166097640991211, 12.285646438598633, 0.6802616119384766, 0.48928403854370117, 3.574115753173828, -2.250502109527588], [-362.8861999511719, 104.09367370605469, 24.874950408935547, 56.380615234375, 12.845965385437012, -27.816608428955078, -8.506009101867676, -26.25455093383789, -11.0906982421875, -24.967784881591797, -6.493829250335693, 5.363180637359619, 3.870020627975464], [-206.0937042236328, 95.41416931152344, 13.321792602539062, 57.1331787109375, -1.4414896965026855, -43.716007232666016, -14.561468124389648, -14.761247634887695, -19.8792724609375, -23.958589553833008, 10.08220100402832, -9.52478313446045, -5.650363922119141], [-171.71185302734375, 93.15023040771484, 22.682537078857422, 54.982513427734375, 9.956663131713867, -27.255048751831055, -17.359418869018555, -5.783656120300293, -23.05963706970215, -32.50752639770508, -8.963027954101562, 0.499311625957489, -1.3128935098648071], [-146.5435791015625, 92.4032211303711, 13.185220718383789, 65.57928466796875, 2.824162244796753, -46.94849395751953, -1.9248907566070557, -13.94994831085205, -11.238264083862305, -21.151809692382812, -8.396196365356445, 5.4538469314575195, -8.141180038452148], [-106.660888671875, 77.93588256835938, 1.8863476514816284, 70.66340637207031, 14.075084686279297, -34.25880432128906, -7.487072944641113, -15.588052749633789, -12.362564086914062, -14.88758373260498, -1.9473516941070557, 2.194237232208252, 1.0534758567810059], [-114.82373046875, 83.67807006835938, 5.890894889831543, 73.36619567871094, 8.749397277832031, -23.28140640258789, -8.50973892211914, -20.839462280273438, -19.608261108398438, -15.821115493774414, -1.612074613571167, 0.08761855959892273, -7.298983573913574], [-83.39250183105469, 67.52188110351562, -1.5825949907302856, 61.18980407714844, 5.002601623535156, -12.921865463256836, -8.35450553894043, 2.521350383758545, -22.10171127319336, -8.04583740234375, 0.6069010496139526, 1.0753673315048218, -13.199064254760742], [-96.46934509277344, 84.45295715332031, 10.39788818359375, 48.04429626464844, 14.2927885055542, -27.535127639770508, -4.310703277587891, -12.749058723449707, -10.680459976196289, -23.385738372802734, 5.0262250900268555, -2.5324316024780273, -15.684677124023438], [-123.74063110351562, 93.59046173095703, 10.136103630065918, 57.15974426269531, 15.161636352539062, -33.71955871582031, -10.447359085083008, -12.164968490600586, 0.19591397047042847, -21.503005981445312, -7.327062129974365, -1.454401969909668, -11.896449089050293], [-171.44229125976562, 119.00102996826172, 8.090180397033691, 66.47382354736328, 32.140098571777344, -28.753803253173828, -14.65454387664795, -9.606801986694336, 8.43971061706543, -24.249755859375, -8.387650489807129, 1.4133819341659546, -8.73544692993164], [-238.33876037597656, 138.60655212402344, 16.81952476501465, 54.086570739746094, 31.645368576049805, 3.303164005279541, -19.61922836303711, -3.2498903274536133, 5.170767307281494, -12.762981414794922, -8.812141418457031, -11.091127395629883, -3.3069381713867188], [-295.9427490234375, 132.676025390625, 30.923023223876953, 53.035240173339844, 28.6185359954834, 21.109600067138672, -3.908996105194092, 1.816518783569336, -13.115008354187012, -17.428274154663086, 4.931827068328857, -29.53207015991211, -12.315635681152344], [-310.19915771484375, 143.18072509765625, 35.02294158935547, 59.15153121948242, 31.570709228515625, 7.420940399169922, -4.584786415100098, 0.5429970026016235, -12.868206024169922, -25.207416534423828, 8.689022064208984, -19.527671813964844, -22.544260025024414], [-304.1663818359375, 138.78695678710938, 27.336755752563477, 57.048744201660156, 31.114599227905273, 15.472877502441406, -3.323098659515381, 5.875343322753906, -21.1319580078125, -28.061710357666016, 14.92312240600586, -21.931922912597656, -31.695171356201172], [-298.4247131347656, 137.3927764892578, 17.909683227539062, 54.43751907348633, 26.7934627532959, 20.732540130615234, -3.515833854675293, 3.2191545963287354, -22.915557861328125, -25.121688842773438, 12.34305191040039, -21.474796295166016, -34.73814392089844], [-310.15631103515625, 135.53945922851562, 19.89601707458496, 58.71595001220703, 27.257640838623047, 9.783693313598633, -10.365962028503418, -3.9121079444885254, -14.188941955566406, -22.584026336669922, 14.893569946289062, -25.815723419189453, -43.40458679199219], [-315.7751770019531, 137.30062866210938, 21.72512435913086, 56.05140686035156, 36.893943786621094, 26.93279266357422, -4.228537559509277, 2.039320230484009, -17.156097412109375, -23.938579559326172, 13.190046310424805, -19.027507781982422, -33.40169906616211], [-321.5722961425781, 141.24757385253906, 20.052467346191406, 56.58683776855469, 35.110557556152344, 28.49167251586914, -0.05268371105194092, 5.04810905456543, -9.465991973876953, -18.30364227294922, 19.391624450683594, -15.876055717468262, -26.75111961364746], [-332.4032897949219, 149.51431274414062, 16.791044235229492, 59.3711051940918, 29.90450668334961, 17.66696548461914, -2.6425530910491943, 6.410913467407227, -14.557323455810547, -14.425140380859375, 27.934795379638672, -11.936835289001465, -27.82945442199707], [-340.9246826171875, 140.228271484375, 19.696300506591797, 55.718238830566406, 31.350013732910156, 19.397964477539062, -3.191023349761963, 3.023090362548828, -15.572351455688477, -9.72188663482666, 22.536659240722656, -7.608510971069336, -20.69074249267578], [-357.2231140136719, 138.53598022460938, 26.90987205505371, 51.816707611083984, 29.60515785217285, 24.44730567932129, -2.7407264709472656, -0.11332249641418457, -7.449364185333252, -10.308932304382324, 20.9560546875, -17.336231231689453, -26.429189682006836], [-366.1565856933594, 137.38099670410156, 34.61895751953125, 52.362613677978516, 25.168960571289062, 19.46177864074707, 1.071559190750122, -1.6033025979995728, -17.927453994750977, -6.862874984741211, 32.20640563964844, -31.412765502929688, -32.90403366088867], [-376.2406311035156, 131.880859375, 26.720932006835938, 64.67576599121094, 42.986419677734375, 19.16826820373535, -14.365209579467773, -1.1352109909057617, -13.887371063232422, -6.80764102935791, 25.508132934570312, -25.202396392822266, -20.532665252685547], [-410.5489501953125, 124.4296875, 36.19452667236328, 71.87186431884766, 43.79447937011719, 20.608837127685547, -8.884337425231934, 7.684826850891113, -12.586161613464355, -7.996259689331055, 8.770566940307617, -17.403594970703125, -13.834325790405273], [-422.52252197265625, 122.90409851074219, 21.477203369140625, 64.79058074951172, 36.88676452636719, 24.92627716064453, 4.3806915283203125, 18.88532066345215, -7.598154067993164, -19.884193420410156, 19.441524505615234, -12.677166938781738, -17.897537231445312], [-423.6658020019531, 121.35004425048828, 22.221216201782227, 63.848876953125, 38.18080139160156, 22.712947845458984, 0.4948650896549225, 10.004447937011719, -13.106314659118652, -13.334478378295898, 3.285209894180298, -17.07962989807129, -5.3183207511901855], [-438.01165771484375, 123.6948013305664, 22.646678924560547, 47.329612731933594, 34.76026153564453, 24.690895080566406, 13.18899917602539, 21.124300003051758, 0.8042231202125549, -11.271894454956055, -3.4573874473571777, -14.496084213256836, -5.837071895599365], [-444.05950927734375, 120.82516479492188, 23.746055603027344, 46.15489959716797, 31.239450454711914, 14.544635772705078, 9.110353469848633, 17.271095275878906, 3.699262857437134, -6.143640518188477, -3.055415153503418, -4.730938911437988, -2.22237491607666], [-437.415283203125, 120.86744689941406, 18.018150329589844, 44.01070022583008, 21.537822723388672, 10.1949462890625, 1.8567745685577393, 10.71973991394043, -1.691382884979248, 4.706265926361084, 8.412379264831543, -4.977614879608154, 3.070913076400757], [-444.6940612792969, 118.86251831054688, 18.802818298339844, 43.707664489746094, 20.34222412109375, 2.8142895698547363, 