{"syllable": "ma", "sampleRate": 16000, "mfcc": [[-483.77850341796875, 86.88407897949219, 40.417236328125, 47.16933059692383, 24.4977970123291, 29.009809494018555, 27.28409194946289, 7.435325622558594, -23.60015869140625, 3.9434773921966553, 17.462303161621094, -6.696752071380615, 3.10257887840271], [-380.2861022949219, 130.29251098632812, 38.275360107421875, 44.17915344238281, 25.13683319091797, 44.746551513671875, 16.37201499938965, 0.7922002673149109, -28.177597045898438, -30.26589584350586, 3.341365337371826, -23.915367126464844, -3.215198516845703], [-294.1634826660156, 152.90203857421875, 5.726935386657715, 34.55690002441406, 15.36563491821289, 40.42023468017578, 24.70840072631836, -2.2292613983154297, -23.540630340576172, -50.425689697265625, 13.931361198425293, -20.67654800415039, -12.323177337646484], [-261.1211853027344, 147.8121337890625, -9.099042892456055, 47.0704460144043, 9.060861587524414, 33.59015655517578, 28.605188369750977, 5.163041591644287, -34.32056427001953, -45.87667465209961, 18.55289649963379, -20.364578247070312, -15.51728630065918], [-253.95318603515625, 139.97671508789062, -17.774093627929688, 47.4996337890625, 9.155765533447266, 29.592079162597656, 32.97704315185547, -4.197330951690674, -30.74870491027832, -46.75834655761719, 20.462923049926758, -35.17982482910156, -18.23601722717285], [-234.8133087158203, 133.61895751953125, -20.004531860351562, 53.679412841796875, -1.097558856010437, 39.41270446777344, 26.795997619628906, 6.923007965087891, -30.539958953857422, -45.25837707519531, 19.151844024658203, -32.9821662902832, -16.626487731933594], [-165.40087890625, 138.8241729736328, -11.951358795166016, 28.902790069580078, -18.800687789916992, 1.2667081356048584, -3.5513157844543457, 13.695720672607422, -17.234689712524414, -16.302793502807617, 5.349550247192383, -6.60965633392334, -14.992731094360352], [-93.8307876586914, 137.442626953125, -32.805809020996094, 12.123126983642578, -24.192546844482422, 2.8533103466033936, 0.9205048680305481, 10.100605010986328, -6.428280830383301, 2.9123659133911133, 15.48660659790039, 6.982318878173828, -12.346744537353516], [-82.12712097167969, 113.93601989746094, -21.746112823486328, -3.0826737880706787, -42.71318054199219, 8.690725326538086, 16.252601623535156, 6.371861457824707, -9.591670036315918, 17.247997283935547, 5.095216751098633, -7.972322940826416, -3.0799002647399902], [-68.64183807373047, 100.02729797363281, -18.397022247314453, -11.206535339355469, -35.15928268432617, 16.556686401367188, 22.362388610839844, 5.924566745758057, -10.64645004272461, 18.736328125, -0.6547976136207581, -7.138880252838135, -1.8283801078796387], [-68.7410888671875, 98.92972564697266, -17.713069915771484, -6.598289966583252, -37.69567108154297, 11.5772123336792, 22.867752075195312, 4.468777656555176, -16.773508071899414, 11.930694580078125, 0.9278450012207031, -3.8625545501708984, -4.557952880859375], [-70.27819061279297, 100.71123504638672, -20.756437301635742, -4.424545764923096, -28.67664337158203, 11.859395980834961, 22.085857391357422, 3.8904716968536377, -17.146608352661133, 13.459356307983398, -4.414464950561523, -13.644662857055664, -3.1205947399139404], [-75.68408966064453, 105.19102478027344, -19.562252044677734, -8.721485137939453, -35.093475341796875, 9.50833511352539, 23.679574966430664, 4.958768367767334, -14.562774658203125, 15.998738288879395, -7.115652561187744, -10.465275764465332, 0.2096182107925415], [-76.27735900878906, 105.76219940185547, -19.047870635986328, -14.543474197387695, -40.61955261230469, 9.737493515014648, 23.461307525634766, -2.43825626373291, -26.781518936157227, 10.23377513885498, -6.315934181213379, -3.8900418281555176, 0.2874150276184082], [-74.86565399169922, 114.31118774414062, -24.2208251953125, -9.91799545288086, -41.862728118896484, 10.67161750793457, 19.806957244873047, -0.3023010790348053, -19.766921997070312, 12.402750015258789, -5.308192729949951, -2.979703903198242, 2.915215492248535], [-89.54947662353516, 118.12974548339844, -25.637710571289062, -6.939978122711182, -35.4472541809082, 5.1984357833862305, 20.959684371948242, 3.6649277210235596, -15.245372772216797, 25.623626708984375, 0.8402212858200073, -8.525638580322266, -0.3886691927909851], [-101.99095916748047, 122.42910766601562, -24.351642608642578, -8.39208984375, -39.41087341308594, 3.4521899223327637, 27.197452545166016, 9.194828033447266, -20.15603256225586, 21.85396385192871, -8.949041366577148, -11.560874938964844, -5.312719345092773], [-109.24897766113281, 125.813232421875, -21.74056625366211, -8.177828788757324, -42.14295959472656, 3.765124797821045, 27.67234230041504, 5.6095428466796875, -15.986567497253418, 23.309349060058594, -7.017138481140137, -9.721707344055176, -14.048851013183594], [-122.12628173828125, 125.09445190429688, -18.284008026123047, -12.579492568969727, -43.34656524658203, 5.41535758972168, 33.29157257080078, -4.690821170806885, -12.442806243896484, 5.174130439758301, 8.725717544555664, 1.9829416275024414, -7.980350494384766], [-137.55712890625, 133.25299072265625, -15.94011116027832, -18.448705673217773, -44.005584716796875, 2.7562904357910156, 26.41973876953125, -8.827993392944336, -14.587106704711914, -9.095857620239258, 5.661466598510742, -1.250321388244629, -4.381267070770264], [-146.31883239746094, 141.3095703125, -14.914102554321289, -25.947158813476562, -42.44976043701172, -2.5876877307891846, 14.035358428955078, 0.9795839786529541, -13.192447662353516, -4.837193965911865, -1.1748416423797607, -1.3649624586105347, -1.8994091749191284], [-158.77706909179688, 142.48062133789062, -17.326797485351562, -27.08797836303711, -50.10517120361328, -6.803716659545898, 12.454841613769531, 10.972308158874512, -17.487077713012695, -11.857210159301758, 0.2170569896697998, -0.12322378158569336, -8.291933059692383], [-157.78811645507812, 134.2742462158203, -30.417709350585938, -27.18115234375, -52.51921081542969, -11.336837768554688, 1.1275420188903809, 6.89129638671875, -19.072002410888672, -2.862703561782837, -2.4432599544525146, -14.296731948852539, -15.649211883544922], [-165.38023376464844, 139.22622680664062, -29.28407859802246, -31.620546340942383, -45.50901412963867, -2.220033645629883, -1.4957404136657715, 1.0027379989624023, -14.930193901062012, 2.0534145832061768, 0.3034234046936035, -16.025009155273438, -15.392328262329102], [-191.4954833984375, 143.26840209960938, -18.787111282348633, -30.569345474243164, -42.762794494628906, 3.459459066390991, -2.1026501655578613, -1.4091769456863403, -20.584110260009766, 2.1397225856781006, 7.233550071716309, -14.280920028686523, -12.07870101928711], [-216.72589111328125, 163.7169952392578, -29.565135955810547, -23.968908309936523, -46.47807312011719, 1.2440764904022217, -0.6959385871887207, -6.098568439483643, -13.428223609924316, -3.5233631134033203, 14.732316970825195, -43.091529846191406, 6.744165420532227], [-214.75538635253906, 164.0004425048828, -18.378978729248047, -25.096542358398438, -49.585914611816406, 8.310539245605469, 17.650836944580078, -21.46610450744629, -11.042786598205566, -4.829803466796875, 16.33755111694336, -35.11492919921875, 12.893465995788574], [-228.5819549560547, 171.53485107421875, -23.72399139404297, -27.413776397705078, -51.587867736816406, 15.355857849121094, 20.597400665283203, -33.05140686035156, -15.50506591796875, 6.277277946472168, 14.22435188293457, -23.270015716552734, -2.731795072555542], [-247.59556579589844, 178.72752380371094, -28.099584579467773, -20.745914459228516, -41.81480407714844, 9.759737014770508, 25.209835052490234, -28.566919326782227, -7.7003560066223145, 1.7809168100357056, 9.180153846740723, -30.365596771240234, -0.3474411964416504], [-257.4162902832031, 180.87698364257812, -26.52389144897461, -25.445556640625, -30.81045913696289, 4.225191593170166, 15.433847427368164, -21.953262329101562, -6.613997459411621, -4.2859907150268555, 8.230746269226074, -21.02035140991211, 1.7733663320541382], [-282.60748291015625, 183.34938049316406, -16.646007537841797, -20.645660400390625, 