{"syllable": "mi", "sampleRate": 16000, "mfcc": [[-455.9504089355469, 22.941452026367188, 7.585475921630859, 34.15980529785156, 21.778114318847656, 7.155088424682617, 3.5515220165252686, 22.74773406982422, 1.5600612163543701, 26.231945037841797, 7.599820137023926, -2.855504274368286, 4.4844207763671875], [-397.3023376464844, 21.5828914642334, -3.257354736328125, 36.83732604980469, 13.019886016845703, 4.590538501739502, 2.5353035926818848, 18.289318084716797, -7.701336860656738, -8.916593551635742, 11.73084545135498, -1.9578193426132202, -14.348150253295898], [-336.29803466796875, 60.653289794921875, -5.857205390930176, 26.612606048583984, 12.19491195678711, -3.4220855236053467, 15.162264823913574, 11.456918716430664, -6.721801280975342, -24.15656280517578, 25.295337677001953, -7.555936813354492, -22.200153350830078], [-345.4902038574219, 89.93791198730469, 27.741317749023438, 35.126380920410156, 41.8433723449707, 10.700254440307617, 14.215859413146973, -11.439435958862305, -17.052846908569336, -13.376089096069336, 29.590906143188477, -5.727834701538086, -21.05162239074707], [-383.11181640625, 83.13713073730469, 62.59002685546875, 44.76630401611328, 29.34036636352539, 15.454690933227539, 18.737201690673828, 2.3436174392700195, 2.4500091075897217, -8.510238647460938, 15.227054595947266, -1.7630228996276855, -2.9278993606567383], [-306.3160705566406, 140.18850708007812, 45.047752380371094, 36.25325012207031, 30.440675735473633, 5.61295223236084, 13.070592880249023, -14.017843246459961, -7.077990531921387, -21.526824951171875, 22.463050842285156, -7.14452600479126, -26.77397918701172], [-298.77301025390625, 140.918212890625, 61.01856994628906, 34.6253547668457, 33.665409088134766, 8.787796020507812, 15.661009788513184, -22.81637954711914, -14.77290153503418, -24.39822006225586, 23.615392684936523, -12.971528053283691, -24.574254989624023], [-270.0174255371094, 142.90359497070312, 40.882232666015625, 30.83604621887207, 48.34494400024414, 11.13635540008545, -0.4619952440261841, -2.295487403869629, -16.138011932373047, -27.57451629638672, 6.579556465148926, -9.418773651123047, -14.312277793884277], [-187.55087280273438, 113.50506591796875, 18.407451629638672, 50.47776794433594, 32.09416198730469, 9.688166618347168, -19.167037963867188, -13.084903717041016, -2.266666889190674, -6.932371139526367, -8.121556282043457, -1.925636887550354, -15.61208438873291], [-212.01036071777344, 118.34550476074219, 32.317630767822266, 84.5860595703125, -12.888050079345703, -13.438265800476074, 14.007067680358887, -21.621732711791992, -12.609265327453613, -15.248371124267578, -13.181821823120117, -2.776899814605713, -22.388816833496094], [-190.8669891357422, 90.58808898925781, 52.457969665527344, 73.64541625976562, -5.6714372634887695, -6.648952484130859, 16.71827507019043, -24.320344924926758, -11.602985382080078, -15.307053565979004, -9.480928421020508, -6.070622444152832, -24.13176727294922], [-169.2471160888672, 81.20387268066406, 48.67206573486328, 65.77383422851562, -8.916943550109863, -6.039111137390137, 12.822702407836914, -21.475854873657227, -11.789889335632324, -16.66354751586914, -10.285901069641113, 0.31001603603363037, -26.669376373291016], [-186.83665466308594, 77.55066680908203, 58.312774658203125, 64.5035400390625, -26.080949783325195, -9.878620147705078, 18.670753479003906, -20.75461196899414, -12.053543090820312, -20.544679641723633, -8.745711326599121, 4.627620220184326, -32.644630432128906], [-196.28018188476562, 66.56227111816406, 55.992218017578125, 77.90518951416016, -27.582107543945312, -12.428390502929688, 19.868488311767578, -12.808809280395508, -6.77836799621582, -22.78929901123047, -24.683773040771484, 5.1007585525512695, -33.60660934448242], [-216.655029296875, 68.07704162597656, 49.10388946533203, 78.58299255371094, -30.14920997619629, -14.70682144165039, 18.829334259033203, -4.952176094055176, -14.862773895263672, -28.531021118164062, -30.16328239440918, 5.411057472229004, -27.571556091308594], [-232.23092651367188, 67.7547836303711, 41.118324279785156, 88.66433715820312, -25.522201538085938, -17.45469856262207, 17.257793426513672, -19.318317413330078, -16.570697784423828, -33.23081588745117, -23.25210952758789, -1.2612743377685547, -17.903484344482422], [-244.39447021484375, 66.59114074707031, 44.84788513183594, 99.22689056396484, -22.42132568359375, -9.42986011505127, 7.458260536193848, -20.80148696899414, -18.59906005859375, -28.410913467407227, -14.515981674194336, -1.8879218101501465, -13.934887886047363], [-257.5196533203125, 72.3577880859375, 40.077476501464844, 86.7020034790039, -17.699172973632812, -15.904097557067871, 12.280258178710938, -25.498483657836914, -15.515202522277832, -18.153732299804688, -17.922527313232422, -5.40975284576416, -24.516618728637695], [-275.6555480957031, 66.55905151367188, 55.07091522216797, 89.69117736816406, -4.525533676147461, -27.518386840820312, 3.8373284339904785, -19.028419494628906, -15.552146911621094, -21.277999877929688, -24.069677352905273, -15.46923542022705, -26.54222869873047], [-276.7689208984375, 72.87062072753906, 55.084190368652344, 78.31205749511719, 2.8680427074432373, -13.752790451049805, 16.931020736694336, -12.460302352905273, -26.395784378051758, -34.049293518066406, -27.484323501586914, -15.969182968139648, -25.906356811523438], [-291.68621826171875, 88.78533935546875, 46.12763214111328, 83.38856506347656, 3.5413074493408203, -7.454381942749023, 20.66781997680664, -17.106571197509766, -29.109067916870117, -27.100017547607422, -27.7427978515625, -8.804351806640625, -26.565383911132812], [-308.3329772949219, 88.26373291015625, 53.95377731323242, 84.54908752441406, 9.072942733764648, -8.852088928222656, 5.134026050567627, -18.139245986938477, -23.14344024658203, -35.88608932495117, -34.59199905395508, 9.593982696533203, -24.682579040527344], [-295.0401611328125, 78.4665298461914, 50.459999084472656, 92.72189331054688, -6.162307262420654, -11.989070892333984, 4.719738960266113, -22.735916137695312, -14.855668067932129, -29.2126407623291, -34.68207550048828, -9.248981475830078, -22.435043334960938], [-301.9889831542969, 75.21157836914062, 50.15185546875, 99.60057067871094, -15.269024848937988, -31.861724853515625, 3.230781078338623, -20.728166580200195, -28.317733764648438, -25.439197540283203, -23.024662017822266, -12.433837890625, -21.225971221923828], [-304.5577697753906, 81.37574768066406, 49.83100891113281, 89.1240234375, -16.247570037841797, -19.16873550415039, 12.023588180541992, -29.357027053833008, -14.304147720336914, -21.39757537841797, -19.59207534790039, -0.8315250873565674, -26.468690872192383], [-296.1111145019531, 59.45113754272461, 46.6113166809082, 80.35135650634766, -15.017176628112793, -14.495594024658203, 9.492547988891602, -23.81801414489746, -35.99125671386719, -8.753386497497559, -24.218265533447266, -15.737340927124023, -22.156658172607422], [-319.8684997558594, 62.57402038574219, 43.709716796875, 91.17179870605469, -9.132017135620117, -9.513006210327148, 2.198328971862793, -26.141925811767578, -23.246829986572266, -11.385710716247559, -17.34665298461914, -6.557906150817871, -21.997507095336914], [-337.0279235839844, 67.5369644165039, 48.139549255371094, 77.92269897460938, -6.8886637687683105, -12.641204833984375, -3.117745876312256, -26.693531036376953, -26.922094345092773, -18.067928314208984, -6.063425064086914, -10.129105567932129, -23.89322280883789], [-358.39947509765625, 77.35774230957031, 72.29490661621094, 86.33356475830078, -10.76039981842041, -17.565189361572266, 7.794591426849365, -28.807025909423828, -18.495023727416992, -16.42485237121582, -9.828999519348145, -5.466439247131348, -16.745410919189453], [-365.0374755859375, 69.47557067871094, 59.47735595703125, 72.71598815917969, -12.958701133728027, -20.82034683227539, 1.4995328187942505, -33.842308044433594, -29.10529899597168, -15.432060241699219, -13.8917236328125, -17.881799697875977, -18.390724182128906], [-390.95166015625, 73.57872009277344, 68.21769714355469, 69.31214904785156, 