{"syllable": "mo", "sampleRate": 16000, "mfcc": [[-502.73065185546875, 101.27789306640625, 43.00926208496094, 38.048744201660156, 9.268314361572266, 14.29613971710205, 16.41498565673828, 11.29404067993164, 8.0785493850708, -8.042749404907227, 7.383573532104492, 6.238739013671875, 7.8042497634887695], [-414.6011047363281, 117.17584991455078, 64.39251708984375, 32.829498291015625, 16.056732177734375, 35.174861907958984, 25.59493637084961, 1.1229236125946045, -9.772638320922852, -10.507369041442871, -16.295822143554688, -30.261985778808594, -7.955698013305664], [-330.2072448730469, 151.43707275390625, 31.969432830810547, 26.9481201171875, -12.813682556152344, 33.36642837524414, 25.599929809570312, 3.910493850708008, -0.8866387009620667, -27.568695068359375, -0.8050927519798279, -28.277183532714844, -29.75594139099121], [-314.16162109375, 157.179443359375, 31.243633270263672, 26.828676223754883, -0.9112365245819092, 19.33833885192871, 27.816041946411133, 7.900740146636963, -0.6648857593536377, -24.821971893310547, 4.868627548217773, -31.043397903442383, -31.3548583984375], [-307.5240173339844, 159.80697631835938, 20.73386001586914, 37.56571960449219, -4.719901084899902, 10.662344932556152, 34.731849670410156, 18.250286102294922, -10.260668754577637, -20.273483276367188, 4.4600982666015625, -33.92272186279297, -34.56716537475586], [-300.1459045410156, 158.91159057617188, 24.69127655029297, 34.98845672607422, -8.390741348266602, 16.310672760009766, 28.769729614257812, 14.556857109069824, -5.05626106262207, -18.23581314086914, 5.766017913818359, -33.7169303894043, -30.156455993652344], [-280.35638427734375, 145.03924560546875, 23.047252655029297, 41.40119934082031, -11.811115264892578, 10.677291870117188, 37.73941421508789, 6.804847240447998, -1.309718370437622, -14.938970565795898, 8.207860946655273, -30.557172775268555, -32.26912307739258], [-255.72683715820312, 151.46331787109375, 24.724275588989258, 31.892745971679688, -1.7548071146011353, 9.62140941619873, 10.581504821777344, 1.8476091623306274, -15.253684997558594, -12.073480606079102, -4.3518829345703125, -15.820154190063477, -9.387348175048828], [-212.9923858642578, 182.55462646484375, 23.970340728759766, 24.305908203125, -11.069809913635254, -21.02041244506836, -25.13592529296875, -4.855267524719238, -0.9340566396713257, 8.763447761535645, -1.282392978668213, -13.299996376037598, -16.482263565063477], [-201.1094207763672, 160.9825439453125, 24.410587310791016, 21.64746856689453, -17.994646072387695, -24.255462646484375, -35.63489532470703, -12.50187873840332, 6.648947715759277, 9.777975082397461, -2.247576951980591, -10.838946342468262, -25.420299530029297], [-185.15231323242188, 170.6536865234375, 14.840045928955078, 18.06317901611328, -15.328720092773438, -25.11113166809082, -29.004438400268555, -3.252333164215088, 6.548685073852539, 10.138612747192383, -1.307754397392273, -8.96638298034668, -12.76536750793457], [-185.62010192871094, 167.56546020507812, 7.375983715057373, 24.200172424316406, -11.128220558166504, -25.121559143066406, -29.736770629882812, -14.339256286621094, 11.246147155761719, 5.685843467712402, 4.752458095550537, -6.317291259765625, -23.635496139526367], [-195.0664825439453, 163.5594482421875, 7.889184951782227, 24.212772369384766, -11.63468074798584, -21.9615478515625, -35.11913299560547, -24.64779281616211, -3.073526382446289, -0.8219947814941406, 5.121448040008545, -3.6573729515075684, -24.40681266784668], [-195.60397338867188, 166.63980102539062, 17.014835357666016, 28.95087242126465, -16.757095336914062, -14.545141220092773, -21.14206314086914, -22.868324279785156, 1.592334508895874, 2.414902687072754, -4.21204948425293, -0.29857587814331055, -15.069572448730469], [-213.0667724609375, 178.2335205078125, 19.263290405273438, 33.33518981933594, -25.41545867919922, -19.288368225097656, -13.65871524810791, -22.77454376220703, -3.327526569366455, 3.786757230758667, -11.514384269714355, 2.9647860527038574, -8.671065330505371], [-240.3700714111328, 188.06381225585938, 30.162397384643555, 43.4569206237793, -38.148826599121094, -29.430660247802734, -16.54572868347168, -18.93930435180664, -5.581971168518066, 1.3551905155181885, -7.6650519371032715, 3.2485969066619873, -4.513868808746338], [-273.4421081542969, 187.70822143554688, 51.64429473876953, 42.42963409423828, -39.944976806640625, -39.01414489746094, 0.06080920249223709, -35.59465026855469, -3.2578725814819336, 2.9993205070495605, -9.121274948120117, 7.576497554779053, -8.307539939880371], [-281.5821838378906, 184.499755859375, 60.96567916870117, 47.06560516357422, -38.651058197021484, -36.642066955566406, 0.15728992223739624, -48.25506591796875, -4.976920127868652, 15.976802825927734, -6.997938632965088, 6.0690717697143555, -10.634665489196777], [-287.01995849609375, 181.0651397705078, 64.40149688720703, 51.12657928466797, -41.52911376953125, -45.80979919433594, 1.1019420623779297, -41.00287628173828, -11.70349407196045, 9.892711639404297, -8.20683479309082, 10.935445785522461, -10.18310546875], [-288.5584411621094, 185.73562622070312, 52.64320373535156, 47.585121154785156, -36.109947204589844, -41.13066864013672, -0.5334319472312927, -37.86308288574219, -6.822243690490723, 4.963569164276123, -10.59486198425293, 10.574368476867676, -8.029305458068848], [-299.6383361816406, 188.52139282226562, 63.580665588378906, 42.9312744140625, -37.317176818847656, -36.11004638671875, -7.865649223327637, -31.495769500732422, -10.534521102905273, 12.40744686126709, -10.022510528564453, 5.181209564208984, -1.9207162857055664], [-334.3535461425781, 191.93441772460938, 80.67877197265625, 44.58896255493164, -46.15264129638672, -33.20869445800781, -17.479955673217773, -33.411991119384766, -5.0867109298706055, 9.260258674621582, -2.120274066925049, -2.03920316696167, -16.418304443359375], [-352.896240234375, 186.6961212158203, 87.65428924560547, 50.53904724121094, -57.945884704589844, -26.049198150634766, -16.37696647644043, -44.238990783691406, -8.141241073608398, 5.802163124084473, -9.978132247924805, -8.995107650756836, -5.409970283508301], [-359.2895202636719, 190.56674194335938, 88.48306274414062, 54.91944885253906, -45.696937561035156, -31.81087875366211, -12.282482147216797, -31.69593048095703, -7.04715633392334, 6.552740573883057, -6.871777057647705, -1.105714201927185, -9.086321830749512], [-360.5967102050781, 187.01268005371094, 87.49514770507812, 54.92178726196289, -52.01576232910156, -36.08799743652344, -2.867637872695923, -25.902976989746094, -14.22381591796875, 1.1706770658493042, -11.802986145019531, 0.8425734043121338, -3.132185459136963], [-368.84478759765625, 183.22805786132812, 87.28822326660156, 52.905113220214844, -54.43788528442383, -34.28489303588867, -6.088083744049072, -32.94419479370117, -6.9173383712768555, 3.824765682220459, -18.73151397705078, -2.3718042373657227, -5.928595066070557], [-370.1113586425781, 185.40072631835938, 77.89520263671875, 52.60822296142578, -48.8863525390625, -41.27625274658203, -6.153270721435547, -31.49171257019043, -4.042965888977051, 18.916072845458984, -22.054733276367188, -11.200478553771973, -7.449098110198975], [-384.3592834472656, 181.307373046875, 77.01283264160156, 48.00764465332031, -40.89012908935547, -52.68281173706055, -12.094608306884766, -12.133386611938477, -0.12958025932312012, 16.337432861328125, -20.345779418945312, -1.2764244079589844, 0.14043164253234863], [-399.1082458496094, 184.8418731689453, 71.82743072509766, 40.33699417114258, -29.642261505126953, -31.07697296142578, -10.579845428466797, -11.988788604736328, -1.2889665365219116, 1.8290269374847412, -8.2113676071167, -4.659157752990723, -7.317831039428711], [-411.8473205566406, 172.83750915527344, 58.688255310058594, 39.05821990966797, -14.554882049560547, -30.064590454101562, -21.17865562438965, -17.074447631835938, -3.481492042541504, 6.871930122375488, -19.006786346435547, -8.780604362487793, -8.647857666015625], [-443.4688415527344, 151.99026489257812, 53.99462890625, 44.006988525390625, -1.438136100769043, 