{"syllable": "om", "sampleRate": 16000, "mfcc": [[-485.0817565917969, 106.71408081054688, 20.031810760498047, 12.990510940551758, -47.238868713378906, -12.290393829345703, 5.890398025512695, 3.039020299911499, 7.594472885131836, 12.30652904510498, 5.20340633392334, 5.794590950012207, 12.308172225952148], [-312.4195251464844, 144.84327697753906, 16.622058868408203, 21.676471710205078, -89.527099609375, -7.670093536376953, 15.035172462463379, -10.491362571716309, 12.634674072265625, 9.69692611694336, 0.6703598499298096, -17.412025451660156, 13.29049015045166], [-219.30926513671875, 169.3831024169922, 14.85936164855957, 29.540010452270508, -45.163902282714844, -25.688125610351562, -18.30103302001953, -1.8955817222595215, 17.129789352416992, -2.472517967224121, -2.1247193813323975, 6.608902931213379, 7.749061584472656], [-191.84420776367188, 154.46482849121094, 29.532306671142578, 32.92548370361328, -42.48878860473633, -32.33716583251953, -9.196951866149902, 4.420192241668701, 0.3488119840621948, 10.137174606323242, -12.465259552001953, 1.3198816776275635, 10.773062705993652], [-142.9232940673828, 158.74227905273438, -12.436553955078125, 27.809057235717773, -27.47793197631836, -28.277851104736328, -22.1170711517334, 16.963966369628906, 14.247248649597168, -6.016923904418945, -14.020445823669434, 9.509878158569336, 7.423800468444824], [-153.68728637695312, 159.37750244140625, 2.0212481021881104, 19.26157569885254, -49.141510009765625, -18.91736602783203, -4.970522880554199, -2.5188097953796387, 4.795434474945068, -1.5960311889648438, -6.431720733642578, 3.9116554260253906, 18.35314178466797], [-146.64756774902344, 162.2576141357422, 4.839633941650391, 18.27088737487793, -38.860145568847656, -17.670894622802734, -4.540342330932617, 4.284297466278076, 16.09346580505371, -3.212660312652588, -4.488880157470703, -11.132501602172852, 14.817781448364258], [-159.9583740234375, 160.4310302734375, 12.29066276550293, 16.764114379882812, -36.255584716796875, -20.2297306060791, -7.497047424316406, 12.11783504486084, 11.539031982421875, 12.451883316040039, -20.085224151611328, -3.048440933227539, 12.3981351852417], [-197.89556884765625, 179.46426391601562, 30.081960678100586, 11.32691764831543, -45.92400360107422, -10.961555480957031, 2.137733221054077, 3.4837870597839355, 8.50112533569336, 7.934471130371094, -14.842801094055176, -6.553096771240234, 16.73263168334961], [-248.70297241210938, 195.14816284179688, 45.69937515258789, 7.09764289855957, -52.188629150390625, -0.39549848437309265, 13.355566024780273, -5.264926910400391, 2.312776565551758, -3.2453012466430664, -3.001936912536621, -8.180338859558105, 12.181206703186035], [-306.1836242675781, 163.05068969726562, 62.66891860961914, 28.21763038635254, -30.77619171142578, 3.1130776405334473, 22.94188690185547, 8.609407424926758, -16.483945846557617, -6.329850673675537, 5.535265922546387, -8.357990264892578, 12.568016052246094], [-334.4404296875, 149.31698608398438, 48.143760681152344, 30.063282012939453, -27.951984405517578, 25.535388946533203, 28.624340057373047, 2.072080612182617, -10.523804664611816, -11.383583068847656, 0.2893340289592743, -42.30059814453125, 0.35642871260643005], [-338.2795104980469, 141.47091674804688, 47.338104248046875, 33.756317138671875, -21.250268936157227, 17.143077850341797, 33.25762939453125, 2.4658637046813965, -14.657341003417969, -13.138038635253906, 0.8686362504959106, -25.84554672241211, -2.9405317306518555], [-318.9120788574219, 141.73492431640625, 36.54106903076172, 35.55527114868164, -14.982244491577148, 17.75739288330078, 43.49592208862305, 3.384223222732544, -17.480539321899414, -12.641153335571289, 7.306075572967529, -23.000192642211914, -0.25780993700027466], [-333.88775634765625, 134.46705627441406, 41.07612991333008, 39.558876037597656, -8.813187599182129, 25.134262084960938, 41.40461730957031, 4.785123825073242, -13.694757461547852, -4.257221221923828, 9.591165542602539, -21.425769805908203, -1.835066556930542], [-340.1734619140625, 128.49659729003906, 32.399532318115234, 33.18262481689453, -10.230341911315918, 31.11944580078125, 36.90571975708008, -0.8495959043502808, -15.829142570495605, -10.971521377563477, 16.403610229492188, -11.391128540039062, 4.814623832702637], [-363.9469909667969, 128.99423217773438, 42.7138671875, 40.37482452392578, 2.553300380706787, 18.942678451538086, 34.324283599853516, 8.607987403869629, -18.40300750732422, -1.2501728534698486, 18.4119930267334, -11.93520736694336, 2.9922921657562256], [-378.4674072265625, 129.3038330078125, 43.78942108154297, 44.72438049316406, 9.305098533630371, 15.037203788757324, 34.57521057128906, 26.71343231201172, -25.075525283813477, -11.710022926330566, 1.328304648399353, -25.578628540039062, 0.22726881504058838], [-392.304931640625, 126.08907318115234, 37.67043685913086, 48.36888122558594, 11.16933822631836, 13.969362258911133, 30.045124053955078, 21.956130981445312, -17.373008728027344, -14.290574073791504, 13.637346267700195, -32.54191589355469, -3.3786909580230713], [-408.7686462402344, 121.19418334960938, 39.039329528808594, 37.6968994140625, 9.727890014648438, 36.47216796875, 37.69460678100586, 8.492632865905762, -25.47577667236328, -9.576862335205078, 6.0717082023620605, -21.54395294189453, 8.487056732177734], [-438.80804443359375, 112.86775207519531, 36.51994705200195, 41.857017517089844, 18.688858032226562, 20.858217239379883, 27.95030975341797, 21.283241271972656, -5.1533637046813965, -1.9147124290466309, 17.744943618774414, -19.528301239013672, -10.068767547607422], [-461.12725830078125, 110.53278350830078, 35.325767517089844, 26.16428565979004, 6.869551658630371, 15.895343780517578, 29.75729751586914, 18.924728393554688, -4.111898422241211, 8.909082412719727, 23.115610122680664, 2.008321762084961, 17.60175895690918], [-462.2586975097656, 108.5498046875, 18.962345123291016, 27.486482620239258, 15.328048706054688, 24.017311096191406, 30.702346801757812, 8.72885799407959, -1.498924732208252, 11.528568267822266, 9.862747192382812, -2.034209966659546, 16.28118324279785], [-412.5553283691406, 86.8700180053711, 19.438678741455078, 21.266979217529297, 19.849477767944336, 24.23606300354004, 16.787616729736328, 7.4821343421936035, 4.1426873207092285, 4.604060173034668, 12.137044906616211, 1.695583462715149, 4.356922149658203]], "durationMs": 232.4}